{"cameraMode":{"drawMode":0,"name":"Shaded","section":"Shading Mode"},"sceneLighting":true,"audioPlay":false,"sceneViewState":{"m_AlwaysRefresh":false,"showFog":false,"showSkybox":true,"showFlares":true,"showImageEffects":true,"showParticleSystems":true,"showVisualEffectGraphs":true,"m_FxEnabled":true},"in2DMode":false,"pivot":{"x":-11.956343650817871,"y":-0.18311595916748048,"z":-23.080242156982423},"rotation":{"x":0.03159303218126297,"y":0.9649316668510437,"z":-0.13784822821617127,"w":0.22114986181259156},"size":9.02419662475586,"orthographic":false}