{"cameraMode":{"drawMode":0,"name":"Shaded","section":"Shading Mode"},"sceneLighting":true,"audioPlay":false,"sceneViewState":{"m_AlwaysRefresh":false,"showFog":false,"showSkybox":true,"showFlares":true,"showImageEffects":true,"showParticleSystems":true,"showVisualEffectGraphs":true,"m_FxEnabled":true},"in2DMode":false,"pivot":{"x":2.3571290969848635,"y":2.811903953552246,"z":-8.072921752929688},"rotation":{"x":0.14586234092712403,"y":0.013355132192373276,"z":-0.0019689754117280246,"w":0.989215075969696},"size":4.323395252227783,"orthographic":false}