{"cameraMode":{"drawMode":0,"name":"Shaded","section":"Shading Mode"},"sceneLighting":true,"audioPlay":false,"sceneViewState":{"m_AlwaysRefresh":false,"showFog":false,"showSkybox":true,"showFlares":true,"showImageEffects":true,"showParticleSystems":true,"showVisualEffectGraphs":true,"m_FxEnabled":true},"in2DMode":false,"pivot":{"x":-12.415328979492188,"y":30.138721466064454,"z":-20.573158264160158},"rotation":{"x":-0.05120205134153366,"y":-0.9330195188522339,"z":0.3242807686328888,"w":-0.14732010662555695},"size":6.1703691482543949,"orthographic":false}