{"cameraMode":{"drawMode":0,"name":"Shaded","section":"Shading Mode"},"sceneLighting":true,"audioPlay":false,"sceneViewState":{"m_AlwaysRefresh":false,"showFog":false,"showSkybox":true,"showFlares":true,"showImageEffects":true,"showParticleSystems":true,"showVisualEffectGraphs":true,"m_FxEnabled":true},"in2DMode":false,"pivot":{"x":7.867159366607666,"y":14.597345352172852,"z":-4.6676025390625},"rotation":{"x":0.14586234092712403,"y":0.013355132192373276,"z":-0.0019689754117280246,"w":0.989215075969696},"size":0.3939085900783539,"orthographic":false}