{"cameraMode":{"drawMode":0,"name":"Shaded","section":"Shading Mode"},"sceneLighting":true,"audioPlay":false,"sceneViewState":{"m_AlwaysRefresh":false,"showFog":false,"showSkybox":true,"showFlares":true,"showImageEffects":true,"showParticleSystems":true,"showVisualEffectGraphs":true,"m_FxEnabled":true},"in2DMode":false,"pivot":{"x":-12.918112754821778,"y":-0.5148448944091797,"z":30.657468795776368},"rotation":{"x":0.28381720185279848,"y":-0.36831924319267275,"z":0.1191604807972908,"w":0.8772636651992798},"size":19.36701202392578,"orthographic":false}