{"cameraMode":{"drawMode":0,"name":"Shaded","section":"Shading Mode"},"sceneLighting":true,"audioPlay":false,"sceneViewState":{"m_AlwaysRefresh":false,"showFog":true,"showSkybox":true,"showFlares":true,"showImageEffects":true,"showParticleSystems":true,"showVisualEffectGraphs":true,"m_FxEnabled":true},"in2DMode":false,"pivot":{"x":-13.195976257324219,"y":-1.281712532043457,"z":-5.891899108886719},"rotation":{"x":-0.040875885635614398,"y":0.8906147480010986,"z":-0.08171942830085755,"w":-0.44548359513282778},"size":52.73585510253906,"orthographic":true}