{"cameraMode":{"drawMode":0,"name":"Shaded","section":"Shading Mode"},"sceneLighting":true,"audioPlay":false,"sceneViewState":{"m_AlwaysRefresh":false,"showFog":false,"showSkybox":true,"showFlares":true,"showImageEffects":true,"showParticleSystems":true,"showVisualEffectGraphs":true,"m_FxEnabled":true},"in2DMode":false,"pivot":{"x":2.443540573120117,"y":-5.511467933654785,"z":42.829524993896487},"rotation":{"x":0.2766835391521454,"y":0.10267551243305206,"z":-0.029746150597929956,"w":0.9550002813339233},"size":14.864655494689942,"orthographic":false}