{"cameraMode":{"drawMode":0,"name":"Shaded","section":"Shading Mode"},"sceneLighting":true,"audioPlay":false,"sceneViewState":{"m_AlwaysRefresh":false,"showFog":false,"showSkybox":true,"showFlares":true,"showImageEffects":true,"showParticleSystems":true,"showVisualEffectGraphs":true,"m_FxEnabled":true},"in2DMode":false,"pivot":{"x":10.03735065460205,"y":2.3381001949310304,"z":-59.652618408203128},"rotation":{"x":-0.013213743455708027,"y":-0.9865169525146484,"z":0.12646669149398805,"w":-0.10307195782661438},"size":0.8660253882408142,"orthographic":false}