{"cameraMode":{"drawMode":0,"name":"Shaded","section":"Shading Mode"},"sceneLighting":true,"audioPlay":false,"sceneViewState":{"m_AlwaysRefresh":false,"showFog":false,"showSkybox":true,"showFlares":true,"showImageEffects":true,"showParticleSystems":true,"showVisualEffectGraphs":true,"m_FxEnabled":true},"in2DMode":false,"pivot":{"x":-15.809887886047364,"y":7.689390659332275,"z":21.346986770629884},"rotation":{"x":0.08552099764347077,"y":-0.48972001671791079,"z":0.04834320768713951,"w":0.8663286566734314},"size":0.2571588456630707,"orthographic":false}