{"cameraMode":{"drawMode":0,"name":"Shaded","section":"Shading Mode"},"sceneLighting":true,"audioPlay":false,"sceneViewState":{"m_AlwaysRefresh":false,"showFog":false,"showSkybox":true,"showFlares":true,"showImageEffects":true,"showParticleSystems":true,"showVisualEffectGraphs":true,"m_FxEnabled":true},"in2DMode":false,"pivot":{"x":543.178466796875,"y":51.02105712890625,"z":204.9429931640625},"rotation":{"x":0.22863160073757173,"y":0.09909768402576447,"z":-0.023401176556944848,"w":0.9681752324104309},"size":1105.5189208984375,"orthographic":false}