{"cameraMode":{"drawMode":0,"name":"Shaded","section":"Shading Mode"},"sceneLighting":true,"audioPlay":false,"sceneViewState":{"m_AlwaysRefresh":false,"showFog":false,"showSkybox":true,"showFlares":true,"showImageEffects":true,"showParticleSystems":true,"showVisualEffectGraphs":true,"m_FxEnabled":true},"in2DMode":false,"pivot":{"x":-50.602256774902347,"y":10.131378173828125,"z":38.20404052734375},"rotation":{"x":0.141270250082016,"y":0.14937248826026917,"z":-0.021567581221461297,"w":0.9783995747566223},"size":19.074182510375978,"orthographic":false}