{"cameraMode":{"drawMode":0,"name":"Shaded","section":"Shading Mode"},"sceneLighting":true,"audioPlay":false,"sceneViewState":{"m_AlwaysRefresh":false,"showFog":false,"showSkybox":true,"showFlares":true,"showImageEffects":true,"showParticleSystems":true,"showVisualEffectGraphs":true,"m_FxEnabled":true},"in2DMode":false,"pivot":{"x":-109.92826080322266,"y":24.7935791015625,"z":-57.36933898925781},"rotation":{"x":0.22895048558712007,"y":-0.0026324326172471048,"z":0.0006190983694978058,"w":0.9734358191490173},"size":62.15339279174805,"orthographic":true}